{
  "SalesByMenuItemTags": [
    {
      "Menu Item Tag": "Other",
      "Item Qty": 69858,
      "Total Sales": 3150788.9300000053,
      "Total Discounts": 142734.1900000002,
      "VAT": 98803.1334500013
    }
  ]
}